Date,a,b,c,d,e,f,g,h
2020-12-22,0.08900000000000001,0.1025,0.0635,0.0645,0.2572,0.1655,0.1272,0.1306
2020-12-23,0.08900000000000001,0.1025,0.0635,0.0645,0.2572,0.1655,0.1272,0.1306
2020-12-24,0.08900000000000001,0.1025,0.0635,0.0645,0.2572,0.1655,0.1272,0.1306
2020-12-25,0.08900000000000001,0.1025,0.0635,0.0645,0.2572,0.1655,0.1272,0.1306
2020-12-26,0.08900000000000001,0.1025,0.0635,0.0645,0.2572,0.1655,0.1272,0.1306
2020-12-27,0.08900000000000001,0.1025,0.0635,0.0645,0.2572,0.1655,0.1272,0.1306
2020-12-28,0.08900000000000001,0.1025,0.0635,0.0645,0.2572,0.1655,0.1272,0.1306
2020-12-29,0.08900000000000001,0.1025,0.0635,0.0645,0.2572,0.1655,0.1272,0.1306
2020-12-30,0.08900000000000001,0.1025,0.0635,0.0645,0.2572,0.1655,0.1272,0.1306
2020-12-31,0.08900000000000001,0.1025,0.0635,0.0645,0.2572,0.1655,0.1272,0.1306
2021-01-01,0.08900000000000001,0.1025,0.0635,0.0645,0.2572,0.1655,0.1272,0.1306
2021-01-02,0.08900000000000001,0.1025,0.0635,0.0645,0.2572,0.1655,0.1272,0.1306
2021-01-03,0.08900000000000001,0.1025,0.0635,0.0645,0.2572,0.1655,0.1272,0.1306
2021-01-04,0.08900000000000001,0.1025,0.0635,0.0645,0.2572,0.1655,0.1272,0.1306
2021-01-05,0.08900000000000001,0.1025,0.0635,0.0645,0.2572,0.1655,0.1272,0.1306
2021-01-06,0.08900000000000001,0.1025,0.0635,0.0645,0.2572,0.1655,0.1272,0.1306
2021-01-07,0.08900000000000001,0.1025,0.0635,0.0645,0.2572,0.1655,0.1272,0.1306
2021-01-08,0.08900000000000001,0.1025,0.0635,0.0645,0.2572,0.1655,0.1272,0.1306
2021-01-09,0.08900000000000001,0.1025,0.0635,0.0645,0.2572,0.1655,0.1272,0.1306
2021-01-10,0.08900000000000001,0.1025,0.0635,0.0645,0.2572,0.1655,0.1272,0.1306
2021-01-11,0.08900000000000001,0.1025,0.0635,0.0645,0.2572,0.1655,0.1272,0.1306
2021-01-12,0.08900000000000001,0.1025,0.0635,0.0645,0.2572,0.1655,0.1272,0.1306
2021-01-13,0.08900000000000001,0.1025,0.0635,0.0645,0.2572,0.1655,0.1272,0.1306
2021-01-14,0.08900000000000001,0.1025,0.0635,0.0645,0.2572,0.1655,0.1272,0.1306
2021-01-15,0.08900000000000001,0.1025,0.0635,0.0645,0.2572,0.1655,0.1272,0.1306
2021-01-16,0.08900000000000001,0.1025,0.0635,0.0645,0.2572,0.1655,0.1272,0.1306
2021-01-17,0.08900000000000001,0.1025,0.0635,0.0645,0.2572,0.1655,0.1272,0.1306
2021-01-18,0.08900000000000001,0.1025,0.0635,0.0645,0.2572,0.1655,0.1272,0.1306
2021-01-19,0.08900000000000001,0.1025,0.0635,0.0645,0.2572,0.1655,0.1272,0.1306
2021-01-20,0.08900000000000001,0.1025,0.0635,0.0645,0.2572,0.1655,0.1272,0.1306
2021-01-21,0.08900000000000001,0.1025,0.0635,0.0645,0.2572,0.1655,0.1272,0.1306
2021-01-22,0.08900000000000001,0.1025,0.0635,0.0645,0.2572,0.1655,0.1272,0.1306
2021-01-23,0.08900000000000001,0.1025,0.0635,0.0645,0.2572,0.1655,0.1272,0.1306
2021-01-24,0.08900000000000001,0.1025,0.0635,0.0645,0.2572,0.1655,0.1272,0.1306
2021-01-25,0.08900000000000001,0.1025,0.0635,0.0645,0.2572,0.1655,0.1272,0.1306
2021-01-26,0.08900000000000001,0.1025,0.0635,0.0645,0.2572,0.1655,0.1272,0.1306
2021-01-27,0.08900000000000001,0.1025,0.0635,0.0645,0.2572,0.1655,0.1272,0.1306
2021-01-28,0.08900000000000001,0.1025,0.0635,0.0645,0.2572,0.1655,0.1272,0.1306
2021-01-29,0.08900000000000001,0.1025,0.0635,0.0645,0.2572,0.1655,0.1272,0.1306
2021-01-30,0.08900000000000001,0.1025,0.0635,0.0645,0.2572,0.1655,0.1272,0.1306
2021-01-31,0.08900000000000001,0.1025,0.0635,0.0645,0.2572,0.1655,0.1272,0.1306
2021-02-01,0.08900000000000001,0.1025,0.0635,0.0645,0.2572,0.1655,0.1272,0.1306
2021-02-02,0.08900000000000001,0.1025,0.0635,0.0645,0.2572,0.1655,0.1272,0.1306
2021-02-03,0.08900000000000001,0.1025,0.0635,0.0645,0.2572,0.1655,0.1272,0.1306
2021-02-04,0.08900000000000001,0.1025,0.0635,0.0645,0.2572,0.1655,0.1272,0.1306
2021-02-05,0.08900000000000001,0.1025,0.0635,0.0645,0.2572,0.1655,0.1272,0.1306
2021-02-06,0.08900000000000001,0.1025,0.0635,0.0645,0.2572,0.1655,0.1272,0.1306
2021-02-07,0.08900000000000001,0.1025,0.0635,0.0645,0.2572,0.1655,0.1272,0.1306
2021-02-08,0.08900000000000001,0.1025,0.0635,0.0645,0.2572,0.1655,0.1272,0.1306
2021-02-09,0.08900000000000001,0.1025,0.0635,0.0645,0.2572,0.1655,0.1272,0.1306
2021-02-10,0.08900000000000001,0.1025,0.0635,0.0645,0.2572,0.1655,0.1272,0.1306
2021-02-11,0.08900000000000001,0.1025,0.0635,0.0645,0.2572,0.1655,0.1272,0.1306
2021-02-12,0.08900000000000001,0.1025,0.0635,0.0645,0.2572,0.1655,0.1272,0.1306
2021-02-13,0.08900000000000001,0.1025,0.0635,0.0645,0.2572,0.1655,0.1272,0.1306
2021-02-14,0.08900000000000001,0.1025,0.0635,0.0645,0.2572,0.1655,0.1272,0.1306
2021-02-15,0.08900000000000001,0.1025,0.0635,0.0645,0.2572,0.1655,0.1272,0.1306
2021-02-16,0.08900000000000001,0.1025,0.0635,0.0645,0.2572,0.1655,0.1272,0.1306
2021-02-17,0.08900000000000001,0.1025,0.0635,0.0645,0.2572,0.1655,0.1272,0.1306
2021-02-18,0.08900000000000001,0.1025,0.0635,0.0645,0.2572,0.1655,0.1272,0.1306
2021-02-19,0.08900000000000001,0.1025,0.0635,0.0645,0.2572,0.1655,0.1272,0.1306
2021-02-20,0.08899932634717897,0.15250000744873798,0.04400230450911384,0.06449836169496918,0.2571957351491305,0.15,0.11220427797451873,0.13059998687635085
2021-02-21,0.08899932634717897,0.15250000744873798,0.04400230450911384,0.06449836169496918,0.2571957351491305,0.15,0.11220427797451873,0.13059998687635085
2021-02-22,0.08899932634717897,0.15250000744873798,0.04400230450911384,0.06449836169496918,0.2571957351491305,0.15,0.11220427797451873,0.13059998687635085
2021-02-23,0.08899932634717897,0.15250000744873798,0.04400230450911384,0.06449836169496918,0.2571957351491305,0.15,0.11220427797451873,0.13059998687635085
2021-02-24,0.08899932634717897,0.15250000744873798,0.04400230450911384,0.06449836169496918,0.2571957351491305,0.15,0.11220427797451873,0.13059998687635085
2021-02-25,0.08899932634717897,0.15250000744873798,0.04400230450911384,0.06449836169496918,0.2571957351491305,0.15,0.11220427797451873,0.13059998687635085
2021-02-26,0.08899932634717897,0.15250000744873798,0.04400230450911384,0.06449836169496918,0.2571957351491305,0.15,0.11220427797451873,0.13059998687635085
2021-02-27,0.08899932634717897,0.15250000744873798,0.04400230450911384,0.06449836169496918,0.2571957351491305,0.15,0.11220427797451873,0.13059998687635085
2021-02-28,0.08899932634717897,0.15250000744873798,0.04400230450911384,0.06449836169496918,0.2571957351491305,0.15,0.11220427797451873,0.13059998687635085
2021-03-01,0.08899932634717897,0.15250000744873798,0.04400230450911384,0.06449836169496918,0.2571957351491305,0.15,0.11220427797451873,0.13059998687635085
2021-03-02,0.08899932634717897,0.15250000744873798,0.04400230450911384,0.06449836169496918,0.2571957351491305,0.15,0.11220427797451873,0.13059998687635085
2021-03-03,0.08899932634717897,0.15250000744873798,0.04400230450911384,0.06449836169496918,0.2571957351491305,0.15,0.11220427797451873,0.13059998687635085
2021-03-04,0.08899932634717897,0.15250000744873798,0.04400230450911384,0.06449836169496918,0.2571957351491305,0.15,0.11220427797451873,0.13059998687635085
2021-03-05,0.08899932634717897,0.15250000744873798,0.04400230450911384,0.06449836169496918,0.2571957351491305,0.15,0.11220427797451873,0.13059998687635085
2021-03-06,0.08899932634717897,0.15250000744873798,0.04400230450911384,0.06449836169496918,0.2571957351491305,0.15,0.11220427797451873,0.13059998687635085
2021-03-07,0.08899928976540968,0.1965024899299421,7.434812242969739e-17,0.06449822030464811,0.25719014423193615,0.15,0.10621220998259621,0.1365976457854677
2021-03-08,0.08899928976540968,0.1965024899299421,7.434812242969739e-17,0.06449822030464811,0.25719014423193615,0.15,0.10621220998259621,0.1365976457854677
2021-03-09,0.08899928976540968,0.1965024899299421,7.434812242969739e-17,0.06449822030464811,0.25719014423193615,0.15,0.10621220998259621,0.1365976457854677
2021-03-10,0.08899928976540968,0.1965024899299421,7.434812242969739e-17,0.06449822030464811,0.25719014423193615,0.15,0.10621220998259621,0.1365976457854677
2021-03-11,0.08899928976540968,0.1965024899299421,7.434812242969739e-17,0.06449822030464811,0.25719014423193615,0.15,0.10621220998259621,0.1365976457854677
2021-03-12,0.08899928976540968,0.1965024899299421,7.434812242969739e-17,0.06449822030464811,0.25719014423193615,0.15,0.10621220998259621,0.1365976457854677
2021-03-13,0.08899928976540968,0.1965024899299421,7.434812242969739e-17,0.06449822030464811,0.25719014423193615,0.15,0.10621220998259621,0.1365976457854677
2021-03-14,0.08899928976540968,0.1965024899299421,7.434812242969739e-17,0.06449822030464811,0.25719014423193615,0.15,0.10621220998259621,0.1365976457854677
2021-03-15,0.08899928976540968,0.1965024899299421,7.434812242969739e-17,0.06449822030464811,0.25719014423193615,0.15,0.10621220998259621,0.1365976457854677
2021-03-16,0.08899928976540968,0.1965024899299421,7.434812242969739e-17,0.06449822030464811,0.25719014423193615,0.15,0.10621220998259621,0.1365976457854677
2021-03-17,0.08899928976540968,0.1965024899299421,7.434812242969739e-17,0.06449822030464811,0.25719014423193615,0.15,0.10621220998259621,0.1365976457854677
2021-03-18,0.08899928976540968,0.1965024899299421,7.434812242969739e-17,0.06449822030464811,0.25719014423193615,0.15,0.10621220998259621,0.1365976457854677
2021-03-19,0.08899928976540968,0.1965024899299421,7.434812242969739e-17,0.06449822030464811,0.25719014423193615,0.15,0.10621220998259621,0.1365976457854677
2021-03-20,0.08899928976540968,0.1965024899299421,7.434812242969739e-17,0.06449822030464811,0.25719014423193615,0.15,0.10621220998259621,0.1365976457854677
2021-03-21,0.08899928976540968,0.1965024899299421,7.434812242969739e-17,0.06449822030464811,0.25719014423193615,0.15,0.10621220998259621,0.1365976457854677
2021-03-22,0.08895494602086593,0.1964883289460988,-7.802396519136472e-18,0.06455672503303525,0.2570114661490963,0.15,0.05644939279382332,0.1865391410570804
2021-03-23,0.08895494602086593,0.1964883289460988,-7.802396519136472e-18,0.06455672503303525,0.2570114661490963,0.15,0.05644939279382332,0.1865391410570804
2021-03-24,0.08895494602086593,0.1964883289460988,-7.802396519136472e-18,0.06455672503303525,0.2570114661490963,0.15,0.05644939279382332,0.1865391410570804
2021-03-25,0.08895494602086593,0.1964883289460988,-7.802396519136472e-18,0.06455672503303525,0.2570114661490963,0.15,0.05644939279382332,0.1865391410570804
2021-03-26,0.08895494602086593,0.1964883289460988,-7.802396519136472e-18,0.06455672503303525,0.2570114661490963,0.15,0.05644939279382332,0.1865391410570804
2021-03-27,0.08895494602086593,0.1964883289460988,-7.802396519136472e-18,0.06455672503303525,0.2570114661490963,0.15,0.05644939279382332,0.1865391410570804
2021-03-28,0.08895494602086593,0.1964883289460988,-7.802396519136472e-18,0.06455672503303525,0.2570114661490963,0.15,0.05644939279382332,0.1865391410570804
2021-03-29,0.08895494602086593,0.1964883289460988,-7.802396519136472e-18,0.06455672503303525,0.2570114661490963,0.15,0.05644939279382332,0.1865391410570804
2021-03-30,0.08895494602086593,0.1964883289460988,-7.802396519136472e-18,0.06455672503303525,0.2570114661490963,0.15,0.05644939279382332,0.1865391410570804
2021-03-31,0.08895494602086593,0.1964883289460988,-7.802396519136472e-18,0.06455672503303525,0.2570114661490963,0.15,0.05644939279382332,0.1865391410570804
2021-04-01,0.08895494602086593,0.1964883289460988,-7.802396519136472e-18,0.06455672503303525,0.2570114661490963,0.15,0.05644939279382332,0.1865391410570804
2021-04-02,0.08895494602086593,0.1964883289460988,-7.802396519136472e-18,0.06455672503303525,0.2570114661490963,0.15,0.05644939279382332,0.1865391410570804
2021-04-03,0.08895494602086593,0.1964883289460988,-7.802396519136472e-18,0.06455672503303525,0.2570114661490963,0.15,0.05644939279382332,0.1865391410570804
2021-04-04,0.08895494602086593,0.1964883289460988,-7.802396519136472e-18,0.06455672503303525,0.2570114661490963,0.15,0.05644939279382332,0.1865391410570804
2021-04-05,0.08895494602086593,0.1964883289460988,-7.802396519136472e-18,0.06455672503303525,0.2570114661490963,0.15,0.05644939279382332,0.1865391410570804
2021-04-06,0.08895492758883598,0.1464884119239263,-3.959354770742932e-18,0.11455666048723767,0.25701148251733424,0.15,0.05644931969626465,0.18653919778640113
2021-04-07,0.08895492758883598,0.1464884119239263,-3.959354770742932e-18,0.11455666048723767,0.25701148251733424,0.15,0.05644931969626465,0.18653919778640113
2021-04-08,0.08895492758883598,0.1464884119239263,-3.959354770742932e-18,0.11455666048723767,0.25701148251733424,0.15,0.05644931969626465,0.18653919778640113
2021-04-09,0.08895492758883598,0.1464884119239263,-3.959354770742932e-18,0.11455666048723767,0.25701148251733424,0.15,0.05644931969626465,0.18653919778640113
2021-04-10,0.08895492758883598,0.1464884119239263,-3.959354770742932e-18,0.11455666048723767,0.25701148251733424,0.15,0.05644931969626465,0.18653919778640113
2021-04-11,0.08895492758883598,0.1464884119239263,-3.959354770742932e-18,0.11455666048723767,0.25701148251733424,0.15,0.05644931969626465,0.18653919778640113
2021-04-12,0.08895492758883598,0.1464884119239263,-3.959354770742932e-18,0.11455666048723767,0.25701148251733424,0.15,0.05644931969626465,0.18653919778640113
2021-04-13,0.08895492758883598,0.1464884119239263,-3.959354770742932e-18,0.11455666048723767,0.25701148251733424,0.15,0.05644931969626465,0.18653919778640113
2021-04-14,0.08895492758883598,0.1464884119239263,-3.959354770742932e-18,0.11455666048723767,0.25701148251733424,0.15,0.05644931969626465,0.18653919778640113
2021-04-15,0.08895492758883598,0.1464884119239263,-3.959354770742932e-18,0.11455666048723767,0.25701148251733424,0.15,0.05644931969626465,0.18653919778640113
2021-04-16,0.08895492758883598,0.1464884119239263,-3.959354770742932e-18,0.11455666048723767,0.25701148251733424,0.15,0.05644931969626465,0.18653919778640113
2021-04-17,0.08895492758883598,0.1464884119239263,-3.959354770742932e-18,0.11455666048723767,0.25701148251733424,0.15,0.05644931969626465,0.18653919778640113
2021-04-18,0.08895492758883598,0.1464884119239263,-3.959354770742932e-18,0.11455666048723767,0.25701148251733424,0.15,0.05644931969626465,0.18653919778640113
2021-04-19,0.08895492758883598,0.1464884119239263,-3.959354770742932e-18,0.11455666048723767,0.25701148251733424,0.15,0.05644931969626465,0.18653919778640113
2021-04-20,0.08895492758883598,0.1464884119239263,-3.959354770742932e-18,0.11455666048723767,0.25701148251733424,0.15,0.05644931969626465,0.18653919778640113
2021-04-21,0.0889549043183168,0.09648841312957242,5.6982863826910374e-18,0.1645566825521107,0.2570113328057897,0.15,0.05644930461165458,0.18653936258255582
2021-04-22,0.0889549043183168,0.09648841312957242,5.6982863826910374e-18,0.1645566825521107,0.2570113328057897,0.15,0.05644930461165458,0.18653936258255582
2021-04-23,0.0889549043183168,0.09648841312957242,5.6982863826910374e-18,0.1645566825521107,0.2570113328057897,0.15,0.05644930461165458,0.18653936258255582
2021-04-24,0.0889549043183168,0.09648841312957242,5.6982863826910374e-18,0.1645566825521107,0.2570113328057897,0.15,0.05644930461165458,0.18653936258255582
2021-04-25,0.0889549043183168,0.09648841312957242,5.6982863826910374e-18,0.1645566825521107,0.2570113328057897,0.15,0.05644930461165458,0.18653936258255582
2021-04-26,0.0889549043183168,0.09648841312957242,5.6982863826910374e-18,0.1645566825521107,0.2570113328057897,0.15,0.05644930461165458,0.18653936258255582
2021-04-27,0.0889549043183168,0.09648841312957242,5.6982863826910374e-18,0.1645566825521107,0.2570113328057897,0.15,0.05644930461165458,0.18653936258255582
2021-04-28,0.0889549043183168,0.09648841312957242,5.6982863826910374e-18,0.1645566825521107,0.2570113328057897,0.15,0.05644930461165458,0.18653936258255582
2021-04-29,0.0889549043183168,0.09648841312957242,5.6982863826910374e-18,0.1645566825521107,0.2570113328057897,0.15,0.05644930461165458,0.18653936258255582
2021-04-30,0.0889549043183168,0.09648841312957242,5.6982863826910374e-18,0.1645566825521107,0.2570113328057897,0.15,0.05644930461165458,0.18653936258255582
2021-05-01,0.0889549043183168,0.09648841312957242,5.6982863826910374e-18,0.1645566825521107,0.2570113328057897,0.15,0.05644930461165458,0.18653936258255582
2021-05-02,0.0889549043183168,0.09648841312957242,5.6982863826910374e-18,0.1645566825521107,0.2570113328057897,0.15,0.05644930461165458,0.18653936258255582
2021-05-03,0.0889549043183168,0.09648841312957242,5.6982863826910374e-18,0.1645566825521107,0.2570113328057897,0.15,0.05644930461165458,0.18653936258255582
2021-05-04,0.0889549043183168,0.09648841312957242,5.6982863826910374e-18,0.1645566825521107,0.2570113328057897,0.15,0.05644930461165458,0.18653936258255582
2021-05-05,0.0889549043183168,0.09648841312957242,5.6982863826910374e-18,0.1645566825521107,0.2570113328057897,0.15,0.05644930461165458,0.18653936258255582
2021-05-06,0.1389544252649217,0.04649161376112853,-4.679742790688564e-18,0.16455396097394973,0.25701132236643015,0.15,0.05644978366504972,0.1865388939685203
2021-05-07,0.1389544252649217,0.04649161376112853,-4.679742790688564e-18,0.16455396097394973,0.25701132236643015,0.15,0.05644978366504972,0.1865388939685203
2021-05-08,0.1389544252649217,0.04649161376112853,-4.679742790688564e-18,0.16455396097394973,0.25701132236643015,0.15,0.05644978366504972,0.1865388939685203
2021-05-09,0.1389544252649217,0.04649161376112853,-4.679742790688564e-18,0.16455396097394973,0.25701132236643015,0.15,0.05644978366504972,0.1865388939685203
2021-05-10,0.1389544252649217,0.04649161376112853,-4.679742790688564e-18,0.16455396097394973,0.25701132236643015,0.15,0.05644978366504972,0.1865388939685203
2021-05-11,0.1389544252649217,0.04649161376112853,-4.679742790688564e-18,0.16455396097394973,0.25701132236643015,0.15,0.05644978366504972,0.1865388939685203
2021-05-12,0.1389544252649217,0.04649161376112853,-4.679742790688564e-18,0.16455396097394973,0.25701132236643015,0.15,0.05644978366504972,0.1865388939685203
2021-05-13,0.1389544252649217,0.04649161376112853,-4.679742790688564e-18,0.16455396097394973,0.25701132236643015,0.15,0.05644978366504972,0.1865388939685203
2021-05-14,0.1389544252649217,0.04649161376112853,-4.679742790688564e-18,0.16455396097394973,0.25701132236643015,0.15,0.05644978366504972,0.1865388939685203
2021-05-15,0.1389544252649217,0.04649161376112853,-4.679742790688564e-18,0.16455396097394973,0.25701132236643015,0.15,0.05644978366504972,0.1865388939685203
2021-05-16,0.1389544252649217,0.04649161376112853,-4.679742790688564e-18,0.16455396097394973,0.25701132236643015,0.15,0.05644978366504972,0.1865388939685203
2021-05-17,0.1389544252649217,0.04649161376112853,-4.679742790688564e-18,0.16455396097394973,0.25701132236643015,0.15,0.05644978366504972,0.1865388939685203
2021-05-18,0.1389544252649217,0.04649161376112853,-4.679742790688564e-18,0.16455396097394973,0.25701132236643015,0.15,0.05644978366504972,0.1865388939685203
2021-05-19,0.1389544252649217,0.04649161376112853,-4.679742790688564e-18,0.16455396097394973,0.25701132236643015,0.15,0.05644978366504972,0.1865388939685203
2021-05-20,0.1389544252649217,0.04649161376112853,-4.679742790688564e-18,0.16455396097394973,0.25701132236643015,0.15,0.05644978366504972,0.1865388939685203
2021-05-21,0.18808299950686552,0.01974553081387637,4.3062347860878333e-19,0.1421714696792581,0.25788274812448636,0.15,0.0556496638684888,0.18646758800702495
2021-05-22,0.18808299950686552,0.01974553081387637,4.3062347860878333e-19,0.1421714696792581,0.25788274812448636,0.15,0.0556496638684888,0.18646758800702495
2021-05-23,0.18808299950686552,0.01974553081387637,4.3062347860878333e-19,0.1421714696792581,0.25788274812448636,0.15,0.0556496638684888,0.18646758800702495
2021-05-24,0.18808299950686552,0.01974553081387637,4.3062347860878333e-19,0.1421714696792581,0.25788274812448636,0.15,0.0556496638684888,0.18646758800702495
2021-05-25,0.18808299950686552,0.01974553081387637,4.3062347860878333e-19,0.1421714696792581,0.25788274812448636,0.15,0.0556496638684888,0.18646758800702495
2021-05-26,0.18808299950686552,0.01974553081387637,4.3062347860878333e-19,0.1421714696792581,0.25788274812448636,0.15,0.0556496638684888,0.18646758800702495
2021-05-27,0.18808299950686552,0.01974553081387637,4.3062347860878333e-19,0.1421714696792581,0.25788274812448636,0.15,0.0556496638684888,0.18646758800702495
2021-05-28,0.18808299950686552,0.01974553081387637,4.3062347860878333e-19,0.1421714696792581,0.25788274812448636,0.15,0.0556496638684888,0.18646758800702495
2021-05-29,0.18808299950686552,0.01974553081387637,4.3062347860878333e-19,0.1421714696792581,0.25788274812448636,0.15,0.0556496638684888,0.18646758800702495
2021-05-30,0.18808299950686552,0.01974553081387637,4.3062347860878333e-19,0.1421714696792581,0.25788274812448636,0.15,0.0556496638684888,0.18646758800702495
2021-05-31,0.18808299950686552,0.01974553081387637,4.3062347860878333e-19,0.1421714696792581,0.25788274812448636,0.15,0.0556496638684888,0.18646758800702495
2021-06-01,0.18808299950686552,0.01974553081387637,4.3062347860878333e-19,0.1421714696792581,0.25788274812448636,0.15,0.0556496638684888,0.18646758800702495
2021-06-02,0.18808299950686552,0.01974553081387637,4.3062347860878333e-19,0.1421714696792581,0.25788274812448636,0.15,0.0556496638684888,0.18646758800702495
2021-06-03,0.18808299950686552,0.01974553081387637,4.3062347860878333e-19,0.1421714696792581,0.25788274812448636,0.15,0.0556496638684888,0.18646758800702495
2021-06-04,0.18808299950686552,0.01974553081387637,4.3062347860878333e-19,0.1421714696792581,0.25788274812448636,0.15,0.0556496638684888,0.18646758800702495
2021-06-05,0.23807894458313583,-4.3843396326688484e-17,-6.973051385587978e-18,0.11192105541686417,0.25787993539803655,0.15000000000000002,0.055653718792218636,0.18646634580974497
2021-06-06,0.23807894458313583,-4.3843396326688484e-17,-6.973051385587978e-18,0.11192105541686417,0.25787993539803655,0.15000000000000002,0.055653718792218636,0.18646634580974497
2021-06-07,0.23807894458313583,-4.3843396326688484e-17,-6.973051385587978e-18,0.11192105541686417,0.25787993539803655,0.15000000000000002,0.055653718792218636,0.18646634580974497
2021-06-08,0.23807894458313583,-4.3843396326688484e-17,-6.973051385587978e-18,0.11192105541686417,0.25787993539803655,0.15000000000000002,0.055653718792218636,0.18646634580974497
2021-06-09,0.23807894458313583,-4.3843396326688484e-17,-6.973051385587978e-18,0.11192105541686417,0.25787993539803655,0.15000000000000002,0.055653718792218636,0.18646634580974497
2021-06-10,0.23807894458313583,-4.3843396326688484e-17,-6.973051385587978e-18,0.11192105541686417,0.25787993539803655,0.15000000000000002,0.055653718792218636,0.18646634580974497
2021-06-11,0.23807894458313583,-4.3843396326688484e-17,-6.973051385587978e-18,0.11192105541686417,0.25787993539803655,0.15000000000000002,0.055653718792218636,0.18646634580974497
2021-06-12,0.23807894458313583,-4.3843396326688484e-17,-6.973051385587978e-18,0.11192105541686417,0.25787993539803655,0.15000000000000002,0.055653718792218636,0.18646634580974497
2021-06-13,0.23807894458313583,-4.3843396326688484e-17,-6.973051385587978e-18,0.11192105541686417,0.25787993539803655,0.15000000000000002,0.055653718792218636,0.18646634580974497
2021-06-14,0.23807894458313583,-4.3843396326688484e-17,-6.973051385587978e-18,0.11192105541686417,0.25787993539803655,0.15000000000000002,0.055653718792218636,0.18646634580974497
2021-06-15,0.23807894458313583,-4.3843396326688484e-17,-6.973051385587978e-18,0.11192105541686417,0.25787993539803655,0.15000000000000002,0.055653718792218636,0.18646634580974497
2021-06-16,0.23807894458313583,-4.3843396326688484e-17,-6.973051385587978e-18,0.11192105541686417,0.25787993539803655,0.15000000000000002,0.055653718792218636,0.18646634580974497
2021-06-17,0.23807894458313583,-4.3843396326688484e-17,-6.973051385587978e-18,0.11192105541686417,0.25787993539803655,0.15000000000000002,0.055653718792218636,0.18646634580974497
2021-06-18,0.23807894458313583,-4.3843396326688484e-17,-6.973051385587978e-18,0.11192105541686417,0.25787993539803655,0.15000000000000002,0.055653718792218636,0.18646634580974497
2021-06-19,0.23807894458313583,-4.3843396326688484e-17,-6.973051385587978e-18,0.11192105541686417,0.25787993539803655,0.15000000000000002,0.055653718792218636,0.18646634580974497
2021-06-20,0.28807904616863655,-7.705992261202008e-18,3.624752872183859e-18,0.06192095383136346,0.2578796952453644,0.15000000000000002,0.055653857359389804,0.18646644739524582
2021-06-21,0.28807904616863655,-7.705992261202008e-18,3.624752872183859e-18,0.06192095383136346,0.2578796952453644,0.15000000000000002,0.055653857359389804,0.18646644739524582
2021-06-22,0.28807904616863655,-7.705992261202008e-18,3.624752872183859e-18,0.06192095383136346,0.2578796952453644,0.15000000000000002,0.055653857359389804,0.18646644739524582
2021-06-23,0.28807904616863655,-7.705992261202008e-18,3.624752872183859e-18,0.06192095383136346,0.2578796952453644,0.15000000000000002,0.055653857359389804,0.18646644739524582
2021-06-24,0.28807904616863655,-7.705992261202008e-18,3.624752872183859e-18,0.06192095383136346,0.2578796952453644,0.15000000000000002,0.055653857359389804,0.18646644739524582
2021-06-25,0.28807904616863655,-7.705992261202008e-18,3.624752872183859e-18,0.06192095383136346,0.2578796952453644,0.15000000000000002,0.055653857359389804,0.18646644739524582
2021-06-26,0.28807904616863655,-7.705992261202008e-18,3.624752872183859e-18,0.06192095383136346,0.2578796952453644,0.15000000000000002,0.055653857359389804,0.18646644739524582
2021-06-27,0.28807904616863655,-7.705992261202008e-18,3.624752872183859e-18,0.06192095383136346,0.2578796952453644,0.15000000000000002,0.055653857359389804,0.18646644739524582
2021-06-28,0.28807904616863655,-7.705992261202008e-18,3.624752872183859e-18,0.06192095383136346,0.2578796952453644,0.15000000000000002,0.055653857359389804,0.18646644739524582
2021-06-29,0.28807904616863655,-7.705992261202008e-18,3.624752872183859e-18,0.06192095383136346,0.2578796952453644,0.15000000000000002,0.055653857359389804,0.18646644739524582
2021-06-30,0.28807904616863655,-7.705992261202008e-18,3.624752872183859e-18,0.06192095383136346,0.2578796952453644,0.15000000000000002,0.055653857359389804,0.18646644739524582
2021-07-01,0.28807904616863655,-7.705992261202008e-18,3.624752872183859e-18,0.06192095383136346,0.2578796952453644,0.15000000000000002,0.055653857359389804,0.18646644739524582
2021-07-02,0.28807904616863655,-7.705992261202008e-18,3.624752872183859e-18,0.06192095383136346,0.2578796952453644,0.15000000000000002,0.055653857359389804,0.18646644739524582
2021-07-03,0.28807904616863655,-7.705992261202008e-18,3.624752872183859e-18,0.06192095383136346,0.2578796952453644,0.15000000000000002,0.055653857359389804,0.18646644739524582
2021-07-04,0.28807904616863655,-7.705992261202008e-18,3.624752872183859e-18,0.06192095383136346,0.2578796952453644,0.15000000000000002,0.055653857359389804,0.18646644739524582
2021-07-05,0.28807904424771863,-1.0005415848439839e-17,-4.0848951615769587e-19,0.0619209557522814,0.2078796965593535,0.15,0.10565384757029377,0.1864664558703527
2021-07-06,0.28807904424771863,-1.0005415848439839e-17,-4.0848951615769587e-19,0.0619209557522814,0.2078796965593535,0.15,0.10565384757029377,0.1864664558703527
2021-07-07,0.28807904424771863,-1.0005415848439839e-17,-4.0848951615769587e-19,0.0619209557522814,0.2078796965593535,0.15,0.10565384757029377,0.1864664558703527
2021-07-08,0.28807904424771863,-1.0005415848439839e-17,-4.0848951615769587e-19,0.0619209557522814,0.2078796965593535,0.15,0.10565384757029377,0.1864664558703527
2021-07-09,0.28807904424771863,-1.0005415848439839e-17,-4.0848951615769587e-19,0.0619209557522814,0.2078796965593535,0.15,0.10565384757029377,0.1864664558703527
2021-07-10,0.28807904424771863,-1.0005415848439839e-17,-4.0848951615769587e-19,0.0619209557522814,0.2078796965593535,0.15,0.10565384757029377,0.1864664558703527
2021-07-11,0.28807904424771863,-1.0005415848439839e-17,-4.0848951615769587e-19,0.0619209557522814,0.2078796965593535,0.15,0.10565384757029377,0.1864664558703527
2021-07-12,0.28807904424771863,-1.0005415848439839e-17,-4.0848951615769587e-19,0.0619209557522814,0.2078796965593535,0.15,0.10565384757029377,0.1864664558703527
2021-07-13,0.28807904424771863,-1.0005415848439839e-17,-4.0848951615769587e-19,0.0619209557522814,0.2078796965593535,0.15,0.10565384757029377,0.1864664558703527
2021-07-14,0.28807904424771863,-1.0005415848439839e-17,-4.0848951615769587e-19,0.0619209557522814,0.2078796965593535,0.15,0.10565384757029377,0.1864664558703527
2021-07-15,0.28807904424771863,-1.0005415848439839e-17,-4.0848951615769587e-19,0.0619209557522814,0.2078796965593535,0.15,0.10565384757029377,0.1864664558703527
2021-07-16,0.28807904424771863,-1.0005415848439839e-17,-4.0848951615769587e-19,0.0619209557522814,0.2078796965593535,0.15,0.10565384757029377,0.1864664558703527
2021-07-17,0.28807904424771863,-1.0005415848439839e-17,-4.0848951615769587e-19,0.0619209557522814,0.2078796965593535,0.15,0.10565384757029377,0.1864664558703527
2021-07-18,0.28807904424771863,-1.0005415848439839e-17,-4.0848951615769587e-19,0.0619209557522814,0.2078796965593535,0.15,0.10565384757029377,0.1864664558703527
2021-07-19,0.28807904424771863,-1.0005415848439839e-17,-4.0848951615769587e-19,0.0619209557522814,0.2078796965593535,0.15,0.10565384757029377,0.1864664558703527
2021-07-20,0.28807906922518967,7.609080273587246e-18,4.925709605941452e-18,0.06192093077481034,0.1578838094698515,0.15000000000000002,0.15565387254776492,0.18646231798238355
2021-07-21,0.28807906922518967,7.609080273587246e-18,4.925709605941452e-18,0.06192093077481034,0.1578838094698515,0.15000000000000002,0.15565387254776492,0.18646231798238355
2021-07-22,0.28807906922518967,7.609080273587246e-18,4.925709605941452e-18,0.06192093077481034,0.1578838094698515,0.15000000000000002,0.15565387254776492,0.18646231798238355
2021-07-23,0.28807906922518967,7.609080273587246e-18,4.925709605941452e-18,0.06192093077481034,0.1578838094698515,0.15000000000000002,0.15565387254776492,0.18646231798238355
2021-07-24,0.28807906922518967,7.609080273587246e-18,4.925709605941452e-18,0.06192093077481034,0.1578838094698515,0.15000000000000002,0.15565387254776492,0.18646231798238355
2021-07-25,0.28807906922518967,7.609080273587246e-18,4.925709605941452e-18,0.06192093077481034,0.1578838094698515,0.15000000000000002,0.15565387254776492,0.18646231798238355
2021-07-26,0.28807906922518967,7.609080273587246e-18,4.925709605941452e-18,0.06192093077481034,0.1578838094698515,0.15000000000000002,0.15565387254776492,0.18646231798238355
2021-07-27,0.28807906922518967,7.609080273587246e-18,4.925709605941452e-18,0.06192093077481034,0.1578838094698515,0.15000000000000002,0.15565387254776492,0.18646231798238355
2021-07-28,0.28807906922518967,7.609080273587246e-18,4.925709605941452e-18,0.06192093077481034,0.1578838094698515,0.15000000000000002,0.15565387254776492,0.18646231798238355
2021-07-29,0.28807906922518967,7.609080273587246e-18,4.925709605941452e-18,0.06192093077481034,0.1578838094698515,0.15000000000000002,0.15565387254776492,0.18646231798238355
2021-07-30,0.28807906922518967,7.609080273587246e-18,4.925709605941452e-18,0.06192093077481034,0.1578838094698515,0.15000000000000002,0.15565387254776492,0.18646231798238355
2021-07-31,0.28807906922518967,7.609080273587246e-18,4.925709605941452e-18,0.06192093077481034,0.1578838094698515,0.15000000000000002,0.15565387254776492,0.18646231798238355
2021-08-01,0.28807906922518967,7.609080273587246e-18,4.925709605941452e-18,0.06192093077481034,0.1578838094698515,0.15000000000000002,0.15565387254776492,0.18646231798238355
2021-08-02,0.28807906922518967,7.609080273587246e-18,4.925709605941452e-18,0.06192093077481034,0.1578838094698515,0.15000000000000002,0.15565387254776492,0.18646231798238355
2021-08-03,0.28807906922518967,7.609080273587246e-18,4.925709605941452e-18,0.06192093077481034,0.1578838094698515,0.15000000000000002,0.15565387254776492,0.18646231798238355
2021-08-04,0.23807897438813094,7.666867420241693e-18,4.508822215470161e-19,0.11192102561186902,0.15788378680535695,0.15,0.15565377771070626,0.1864624354839368
2021-08-05,0.23807897438813094,7.666867420241693e-18,4.508822215470161e-19,0.11192102561186902,0.15788378680535695,0.15,0.15565377771070626,0.1864624354839368
2021-08-06,0.23807897438813094,7.666867420241693e-18,4.508822215470161e-19,0.11192102561186902,0.15788378680535695,0.15,0.15565377771070626,0.1864624354839368
2021-08-07,0.23807897438813094,7.666867420241693e-18,4.508822215470161e-19,0.11192102561186902,0.15788378680535695,0.15,0.15565377771070626,0.1864624354839368
2021-08-08,0.23807897438813094,7.666867420241693e-18,4.508822215470161e-19,0.11192102561186902,0.15788378680535695,0.15,0.15565377771070626,0.1864624354839368
2021-08-09,0.23807897438813094,7.666867420241693e-18,4.508822215470161e-19,0.11192102561186902,0.15788378680535695,0.15,0.15565377771070626,0.1864624354839368
2021-08-10,0.23807897438813094,7.666867420241693e-18,4.508822215470161e-19,0.11192102561186902,0.15788378680535695,0.15,0.15565377771070626,0.1864624354839368
2021-08-11,0.23807897438813094,7.666867420241693e-18,4.508822215470161e-19,0.11192102561186902,0.15788378680535695,0.15,0.15565377771070626,0.1864624354839368
2021-08-12,0.23807897438813094,7.666867420241693e-18,4.508822215470161e-19,0.11192102561186902,0.15788378680535695,0.15,0.15565377771070626,0.1864624354839368
2021-08-13,0.23807897438813094,7.666867420241693e-18,4.508822215470161e-19,0.11192102561186902,0.15788378680535695,0.15,0.15565377771070626,0.1864624354839368
