0.089,0.1025,0.0635,0.0645,0.2572,0.1655,0.1272,0.1306
0.089,0.1025,0.0635,0.0645,0.2572,0.1655,0.1272,0.1306
0.089,0.1025,0.0635,0.0645,0.2572,0.1655,0.1272,0.1306
0.089,0.1025,0.0635,0.0645,0.2572,0.1655,0.1272,0.1306
0.089,0.1025,0.0635,0.0645,0.2572,0.1655,0.1272,0.1306
0.089,0.1025,0.0635,0.0645,0.2572,0.1655,0.1272,0.1306
0.089,0.1025,0.0635,0.0645,0.2572,0.1655,0.1272,0.1306
0.089,0.1025,0.0635,0.0645,0.2572,0.1655,0.1272,0.1306
0.089,0.1025,0.0635,0.0645,0.2572,0.1655,0.1272,0.1306
0.089,0.1025,0.0635,0.0645,0.2572,0.1655,0.1272,0.1306
0.089,0.1025,0.0635,0.0645,0.2572,0.1655,0.1272,0.1306
0.089,0.1025,0.0635,0.0645,0.2572,0.1655,0.1272,0.1306
0.089,0.1025,0.0635,0.0645,0.2572,0.1655,0.1272,0.1306
0.089,0.1025,0.0635,0.0645,0.2572,0.1655,0.1272,0.1306
0.089,0.1025,0.0635,0.0645,0.2572,0.1655,0.1272,0.1306
0.089,0.1025,0.0635,0.0645,0.2572,0.1655,0.1272,0.1306
0.089,0.1025,0.0635,0.0645,0.2572,0.1655,0.1272,0.1306
0.089,0.1025,0.0635,0.0645,0.2572,0.1655,0.1272,0.1306
0.089,0.1025,0.0635,0.0645,0.2572,0.1655,0.1272,0.1306
0.089,0.1025,0.0635,0.0645,0.2572,0.1655,0.1272,0.1306
0.089,0.1025,0.0635,0.0645,0.2572,0.1655,0.1272,0.1306
0.089,0.1025,0.0635,0.0645,0.2572,0.1655,0.1272,0.1306
0.089,0.1025,0.0635,0.0645,0.2572,0.1655,0.1272,0.1306
0.089,0.1025,0.0635,0.0645,0.2572,0.1655,0.1272,0.1306
0.089,0.1025,0.0635,0.0645,0.2572,0.1655,0.1272,0.1306
0.089,0.1025,0.0635,0.0645,0.2572,0.1655,0.1272,0.1306
0.089,0.1025,0.0635,0.0645,0.2572,0.1655,0.1272,0.1306
0.089,0.1025,0.0635,0.0645,0.2572,0.1655,0.1272,0.1306
0.089,0.1025,0.0635,0.0645,0.2572,0.1655,0.1272,0.1306
0.089,0.1025,0.0635,0.0645,0.2572,0.1655,0.1272,0.1306
0.089,0.1025,0.0635,0.0645,0.2572,0.1655,0.1272,0.1306
0.089,0.1025,0.0635,0.0645,0.2572,0.1655,0.1272,0.1306
0.089,0.1025,0.0635,0.0645,0.2572,0.1655,0.1272,0.1306
0.089,0.1025,0.0635,0.0645,0.2572,0.1655,0.1272,0.1306
0.089,0.1025,0.0635,0.0645,0.2572,0.1655,0.1272,0.1306
0.089,0.1025,0.0635,0.0645,0.2572,0.1655,0.1272,0.1306
0.089,0.1025,0.0635,0.0645,0.2572,0.1655,0.1272,0.1306
0.089,0.1025,0.0635,0.0645,0.2572,0.1655,0.1272,0.1306
0.089,0.1025,0.0635,0.0645,0.2572,0.1655,0.1272,0.1306
0.089,0.1025,0.0635,0.0645,0.2572,0.1655,0.1272,0.1306
0.089,0.1025,0.0635,0.0645,0.2572,0.1655,0.1272,0.1306
0.089,0.1025,0.0635,0.0645,0.2572,0.1655,0.1272,0.1306
0.089,0.1025,0.0635,0.0645,0.2572,0.1655,0.1272,0.1306
0.089,0.1025,0.0635,0.0645,0.2572,0.1655,0.1272,0.1306
0.089,0.1025,0.0635,0.0645,0.2572,0.1655,0.1272,0.1306
0.089,0.1025,0.0635,0.0645,0.2572,0.1655,0.1272,0.1306
0.089,0.1025,0.0635,0.0645,0.2572,0.1655,0.1272,0.1306
0.089,0.1025,0.0635,0.0645,0.2572,0.1655,0.1272,0.1306
0.089,0.1025,0.0635,0.0645,0.2572,0.1655,0.1272,0.1306
0.089,0.1025,0.0635,0.0645,0.2572,0.1655,0.1272,0.1306
0.089,0.1025,0.0635,0.0645,0.2572,0.1655,0.1272,0.1306
0.089,0.1025,0.0635,0.0645,0.2572,0.1655,0.1272,0.1306
0.089,0.1025,0.0635,0.0645,0.2572,0.1655,0.1272,0.1306
0.089,0.1025,0.0635,0.0645,0.2572,0.1655,0.1272,0.1306
0.089,0.1025,0.0635,0.0645,0.2572,0.1655,0.1272,0.1306
0.089,0.1025,0.0635,0.0645,0.2572,0.1655,0.1272,0.1306
0.089,0.1025,0.0635,0.0645,0.2572,0.1655,0.1272,0.1306
0.089,0.1025,0.0635,0.0645,0.2572,0.1655,0.1272,0.1306
0.089,0.1025,0.0635,0.0645,0.2572,0.1655,0.1272,0.1306
0.089,0.1025,0.0635,0.0645,0.2572,0.1655,0.1272,0.1306
0,0.3195,1.75886e-12,8.58136e-13,0.2572,0.1655,2.38393e-13,0.2578
0,0.3195,1.75886e-12,8.58136e-13,0.2572,0.1655,2.38393e-13,0.2578
0,0.3195,1.75886e-12,8.58136e-13,0.2572,0.1655,2.38393e-13,0.2578
0,0.3195,1.75886e-12,8.58136e-13,0.2572,0.1655,2.38393e-13,0.2578
0,0.3195,1.75886e-12,8.58136e-13,0.2572,0.1655,2.38393e-13,0.2578
0,0.3195,1.75886e-12,8.58136e-13,0.2572,0.1655,2.38393e-13,0.2578
0,0.3195,1.75886e-12,8.58136e-13,0.2572,0.1655,2.38393e-13,0.2578
0,0.3195,1.75886e-12,8.58136e-13,0.2572,0.1655,2.38393e-13,0.2578
0,0.3195,1.75886e-12,8.58136e-13,0.2572,0.1655,2.38393e-13,0.2578
0,0.3195,1.75886e-12,8.58136e-13,0.2572,0.1655,2.38393e-13,0.2578
0,0.3195,1.75886e-12,8.58136e-13,0.2572,0.1655,2.38393e-13,0.2578
0,0.3195,1.75886e-12,8.58136e-13,0.2572,0.1655,2.38393e-13,0.2578
0,0.3195,1.75886e-12,8.58136e-13,0.2572,0.1655,2.38393e-13,0.2578
0,0.3195,1.75886e-12,8.58136e-13,0.2572,0.1655,2.38393e-13,0.2578
0,0.3195,1.75886e-12,8.58136e-13,0.2572,0.1655,2.38393e-13,0.2578
8.5596e-13,0.3195,2.32547e-12,3.06165e-12,0.2572,0.1655,2.41735e-12,0.2578
8.5596e-13,0.3195,2.32547e-12,3.06165e-12,0.2572,0.1655,2.41735e-12,0.2578
8.5596e-13,0.3195,2.32547e-12,3.06165e-12,0.2572,0.1655,2.41735e-12,0.2578
8.5596e-13,0.3195,2.32547e-12,3.06165e-12,0.2572,0.1655,2.41735e-12,0.2578
8.5596e-13,0.3195,2.32547e-12,3.06165e-12,0.2572,0.1655,2.41735e-12,0.2578
8.5596e-13,0.3195,2.32547e-12,3.06165e-12,0.2572,0.1655,2.41735e-12,0.2578
8.5596e-13,0.3195,2.32547e-12,3.06165e-12,0.2572,0.1655,2.41735e-12,0.2578
8.5596e-13,0.3195,2.32547e-12,3.06165e-12,0.2572,0.1655,2.41735e-12,0.2578
8.5596e-13,0.3195,2.32547e-12,3.06165e-12,0.2572,0.1655,2.41735e-12,0.2578
8.5596e-13,0.3195,2.32547e-12,3.06165e-12,0.2572,0.1655,2.41735e-12,0.2578
8.5596e-13,0.3195,2.32547e-12,3.06165e-12,0.2572,0.1655,2.41735e-12,0.2578
8.5596e-13,0.3195,2.32547e-12,3.06165e-12,0.2572,0.1655,2.41735e-12,0.2578
8.5596e-13,0.3195,2.32547e-12,3.06165e-12,0.2572,0.1655,2.41735e-12,0.2578
8.5596e-13,0.3195,2.32547e-12,3.06165e-12,0.2572,0.1655,2.41735e-12,0.2578
8.5596e-13,0.3195,2.32547e-12,3.06165e-12,0.2572,0.1655,2.41735e-12,0.2578
7.97027e-13,0,2.24548e-12,0.3195,0.2572,0.1655,1.41643e-11,0.2578
7.97027e-13,0,2.24548e-12,0.3195,0.2572,0.1655,1.41643e-11,0.2578
7.97027e-13,0,2.24548e-12,0.3195,0.2572,0.1655,1.41643e-11,0.2578
7.97027e-13,0,2.24548e-12,0.3195,0.2572,0.1655,1.41643e-11,0.2578
7.97027e-13,0,2.24548e-12,0.3195,0.2572,0.1655,1.41643e-11,0.2578
7.97027e-13,0,2.24548e-12,0.3195,0.2572,0.1655,1.41643e-11,0.2578
7.97027e-13,0,2.24548e-12,0.3195,0.2572,0.1655,1.41643e-11,0.2578
7.97027e-13,0,2.24548e-12,0.3195,0.2572,0.1655,1.41643e-11,0.2578
7.97027e-13,0,2.24548e-12,0.3195,0.2572,0.1655,1.41643e-11,0.2578
7.97027e-13,0,2.24548e-12,0.3195,0.2572,0.1655,1.41643e-11,0.2578
7.97027e-13,0,2.24548e-12,0.3195,0.2572,0.1655,1.41643e-11,0.2578
7.97027e-13,0,2.24548e-12,0.3195,0.2572,0.1655,1.41643e-11,0.2578
7.97027e-13,0,2.24548e-12,0.3195,0.2572,0.1655,1.41643e-11,0.2578
7.97027e-13,0,2.24548e-12,0.3195,0.2572,0.1655,1.41643e-11,0.2578
7.97027e-13,0,2.24548e-12,0.3195,0.2572,0.1655,1.41643e-11,0.2578
2.21185e-08,0,0,0.3195,0.2572,0.1655,7.39345e-08,0.2578
2.21185e-08,0,0,0.3195,0.2572,0.1655,7.39345e-08,0.2578
2.21185e-08,0,0,0.3195,0.2572,0.1655,7.39345e-08,0.2578
2.21185e-08,0,0,0.3195,0.2572,0.1655,7.39345e-08,0.2578
2.21185e-08,0,0,0.3195,0.2572,0.1655,7.39345e-08,0.2578
2.21185e-08,0,0,0.3195,0.2572,0.1655,7.39345e-08,0.2578
2.21185e-08,0,0,0.3195,0.2572,0.1655,7.39345e-08,0.2578
2.21185e-08,0,0,0.3195,0.2572,0.1655,7.39345e-08,0.2578
2.21185e-08,0,0,0.3195,0.2572,0.1655,7.39345e-08,0.2578
2.21185e-08,0,0,0.3195,0.2572,0.1655,7.39345e-08,0.2578
2.21185e-08,0,0,0.3195,0.2572,0.1655,7.39345e-08,0.2578
2.21185e-08,0,0,0.3195,0.2572,0.1655,7.39345e-08,0.2578
2.21185e-08,0,0,0.3195,0.2572,0.1655,7.39345e-08,0.2578
2.21185e-08,0,0,0.3195,0.2572,0.1655,7.39345e-08,0.2578
2.21185e-08,0,0,0.3195,0.2572,0.1655,7.39345e-08,0.2578
5.32669e-11,0,0,0.3195,0.2572,0.1655,3.55677e-11,0.2578
5.32669e-11,0,0,0.3195,0.2572,0.1655,3.55677e-11,0.2578
5.32669e-11,0,0,0.3195,0.2572,0.1655,3.55677e-11,0.2578
5.32669e-11,0,0,0.3195,0.2572,0.1655,3.55677e-11,0.2578
5.32669e-11,0,0,0.3195,0.2572,0.1655,3.55677e-11,0.2578
5.32669e-11,0,0,0.3195,0.2572,0.1655,3.55677e-11,0.2578
5.32669e-11,0,0,0.3195,0.2572,0.1655,3.55677e-11,0.2578
5.32669e-11,0,0,0.3195,0.2572,0.1655,3.55677e-11,0.2578
5.32669e-11,0,0,0.3195,0.2572,0.1655,3.55677e-11,0.2578
5.32669e-11,0,0,0.3195,0.2572,0.1655,3.55677e-11,0.2578
5.32669e-11,0,0,0.3195,0.2572,0.1655,3.55677e-11,0.2578
5.32669e-11,0,0,0.3195,0.2572,0.1655,3.55677e-11,0.2578
5.32669e-11,0,0,0.3195,0.2572,0.1655,3.55677e-11,0.2578
5.32669e-11,0,0,0.3195,0.2572,0.1655,3.55677e-11,0.2578
5.32669e-11,0,0,0.3195,0.2572,0.1655,3.55677e-11,0.2578
0.3195,2.42039e-11,1.11161e-12,4.58301e-12,0.2572,0.1655,0.2578,0
0.3195,2.42039e-11,1.11161e-12,4.58301e-12,0.2572,0.1655,0.2578,0
0.3195,2.42039e-11,1.11161e-12,4.58301e-12,0.2572,0.1655,0.2578,0
0.3195,2.42039e-11,1.11161e-12,4.58301e-12,0.2572,0.1655,0.2578,0
0.3195,2.42039e-11,1.11161e-12,4.58301e-12,0.2572,0.1655,0.2578,0
0.3195,2.42039e-11,1.11161e-12,4.58301e-12,0.2572,0.1655,0.2578,0
0.3195,2.42039e-11,1.11161e-12,4.58301e-12,0.2572,0.1655,0.2578,0
0.3195,2.42039e-11,1.11161e-12,4.58301e-12,0.2572,0.1655,0.2578,0
0.3195,2.42039e-11,1.11161e-12,4.58301e-12,0.2572,0.1655,0.2578,0
0.3195,2.42039e-11,1.11161e-12,4.58301e-12,0.2572,0.1655,0.2578,0
0.3195,2.42039e-11,1.11161e-12,4.58301e-12,0.2572,0.1655,0.2578,0
0.3195,2.42039e-11,1.11161e-12,4.58301e-12,0.2572,0.1655,0.2578,0
0.3195,2.42039e-11,1.11161e-12,4.58301e-12,0.2572,0.1655,0.2578,0
0.3195,2.42039e-11,1.11161e-12,4.58301e-12,0.2572,0.1655,0.2578,0
0.3195,2.42039e-11,1.11161e-12,4.58301e-12,0.2572,0.1655,0.2578,0
0.3195,0,0,0,0.2572,0.1655,0.2578,2.54968e-10
0.3195,0,0,0,0.2572,0.1655,0.2578,2.54968e-10
0.3195,0,0,0,0.2572,0.1655,0.2578,2.54968e-10
0.3195,0,0,0,0.2572,0.1655,0.2578,2.54968e-10
0.3195,0,0,0,0.2572,0.1655,0.2578,2.54968e-10
0.3195,0,0,0,0.2572,0.1655,0.2578,2.54968e-10
0.3195,0,0,0,0.2572,0.1655,0.2578,2.54968e-10
0.3195,0,0,0,0.2572,0.1655,0.2578,2.54968e-10
0.3195,0,0,0,0.2572,0.1655,0.2578,2.54968e-10
0.3195,0,0,0,0.2572,0.1655,0.2578,2.54968e-10
0.3195,0,0,0,0.2572,0.1655,0.2578,2.54968e-10
0.3195,0,0,0,0.2572,0.1655,0.2578,2.54968e-10
0.3195,0,0,0,0.2572,0.1655,0.2578,2.54968e-10
0.3195,0,0,0,0.2572,0.1655,0.2578,2.54968e-10
0.3195,0,0,0,0.2572,0.1655,0.2578,2.54968e-10
0.3195,0,0,0,0.2572,0.1655,0.2578,0
0.3195,0,0,0,0.2572,0.1655,0.2578,0
0.3195,0,0,0,0.2572,0.1655,0.2578,0
0.3195,0,0,0,0.2572,0.1655,0.2578,0
0.3195,0,0,0,0.2572,0.1655,0.2578,0
0.3195,0,0,0,0.2572,0.1655,0.2578,0
0.3195,0,0,0,0.2572,0.1655,0.2578,0
0.3195,0,0,0,0.2572,0.1655,0.2578,0
0.3195,0,0,0,0.2572,0.1655,0.2578,0
0.3195,0,0,0,0.2572,0.1655,0.2578,0
0.3195,0,0,0,0.2572,0.1655,0.2578,0
0.3195,0,0,0,0.2572,0.1655,0.2578,0
0.3195,0,0,0,0.2572,0.1655,0.2578,0
0.3195,0,0,0,0.2572,0.1655,0.2578,0
0.3195,0,0,0,0.2572,0.1655,0.2578,0
0.3195,2.99026e-11,8.23111e-12,9.41327e-12,0.2572,0.1655,0.2578,1.14116e-10
0.3195,2.99026e-11,8.23111e-12,9.41327e-12,0.2572,0.1655,0.2578,1.14116e-10
0.3195,2.99026e-11,8.23111e-12,9.41327e-12,0.2572,0.1655,0.2578,1.14116e-10
0.3195,2.99026e-11,8.23111e-12,9.41327e-12,0.2572,0.1655,0.2578,1.14116e-10
0.3195,2.99026e-11,8.23111e-12,9.41327e-12,0.2572,0.1655,0.2578,1.14116e-10
0.3195,2.99026e-11,8.23111e-12,9.41327e-12,0.2572,0.1655,0.2578,1.14116e-10
0.3195,2.99026e-11,8.23111e-12,9.41327e-12,0.2572,0.1655,0.2578,1.14116e-10
0.3195,2.99026e-11,8.23111e-12,9.41327e-12,0.2572,0.1655,0.2578,1.14116e-10
0.3195,2.99026e-11,8.23111e-12,9.41327e-12,0.2572,0.1655,0.2578,1.14116e-10
0.3195,2.99026e-11,8.23111e-12,9.41327e-12,0.2572,0.1655,0.2578,1.14116e-10
0.3195,2.99026e-11,8.23111e-12,9.41327e-12,0.2572,0.1655,0.2578,1.14116e-10
0.3195,2.99026e-11,8.23111e-12,9.41327e-12,0.2572,0.1655,0.2578,1.14116e-10
0.3195,2.99026e-11,8.23111e-12,9.41327e-12,0.2572,0.1655,0.2578,1.14116e-10
0.3195,2.99026e-11,8.23111e-12,9.41327e-12,0.2572,0.1655,0.2578,1.14116e-10
0.3195,2.99026e-11,8.23111e-12,9.41327e-12,0.2572,0.1655,0.2578,1.14116e-10
1.0928e-12,5.14845e-12,3.66448e-12,0.319501,0.2572,0.165499,0.2578,0
1.0928e-12,5.14845e-12,3.66448e-12,0.319501,0.2572,0.165499,0.2578,0
1.0928e-12,5.14845e-12,3.66448e-12,0.319501,0.2572,0.165499,0.2578,0
1.0928e-12,5.14845e-12,3.66448e-12,0.319501,0.2572,0.165499,0.2578,0
1.0928e-12,5.14845e-12,3.66448e-12,0.319501,0.2572,0.165499,0.2578,0
1.0928e-12,5.14845e-12,3.66448e-12,0.319501,0.2572,0.165499,0.2578,0
1.0928e-12,5.14845e-12,3.66448e-12,0.319501,0.2572,0.165499,0.2578,0
1.0928e-12,5.14845e-12,3.66448e-12,0.319501,0.2572,0.165499,0.2578,0
1.0928e-12,5.14845e-12,3.66448e-12,0.319501,0.2572,0.165499,0.2578,0
1.0928e-12,5.14845e-12,3.66448e-12,0.319501,0.2572,0.165499,0.2578,0
1.0928e-12,5.14845e-12,3.66448e-12,0.319501,0.2572,0.165499,0.2578,0
1.0928e-12,5.14845e-12,3.66448e-12,0.319501,0.2572,0.165499,0.2578,0
1.0928e-12,5.14845e-12,3.66448e-12,0.319501,0.2572,0.165499,0.2578,0
1.0928e-12,5.14845e-12,3.66448e-12,0.319501,0.2572,0.165499,0.2578,0
1.0928e-12,5.14845e-12,3.66448e-12,0.319501,0.2572,0.165499,0.2578,0
1.12719e-06,0,0,0.319501,0.257201,0.165498,0.2578,0
1.12719e-06,0,0,0.319501,0.257201,0.165498,0.2578,0
1.12719e-06,0,0,0.319501,0.257201,0.165498,0.2578,0
1.12719e-06,0,0,0.319501,0.257201,0.165498,0.2578,0
1.12719e-06,0,0,0.319501,0.257201,0.165498,0.2578,0
1.12719e-06,0,0,0.319501,0.257201,0.165498,0.2578,0
1.12719e-06,0,0,0.319501,0.257201,0.165498,0.2578,0
1.12719e-06,0,0,0.319501,0.257201,0.165498,0.2578,0
1.12719e-06,0,0,0.319501,0.257201,0.165498,0.2578,0
1.12719e-06,0,0,0.319501,0.257201,0.165498,0.2578,0
1.12719e-06,0,0,0.319501,0.257201,0.165498,0.2578,0
1.12719e-06,0,0,0.319501,0.257201,0.165498,0.2578,0
1.12719e-06,0,0,0.319501,0.257201,0.165498,0.2578,0
1.12719e-06,0,0,0.319501,0.257201,0.165498,0.2578,0
1.12719e-06,0,0,0.319501,0.257201,0.165498,0.2578,0
0,0,0,0.319502,0.257201,0.165498,0.2578,1.62768e-12
0,0,0,0.319502,0.257201,0.165498,0.2578,1.62768e-12
0,0,0,0.319502,0.257201,0.165498,0.2578,1.62768e-12
0,0,0,0.319502,0.257201,0.165498,0.2578,1.62768e-12
0,0,0,0.319502,0.257201,0.165498,0.2578,1.62768e-12
0,0,0,0.319502,0.257201,0.165498,0.2578,1.62768e-12
0,0,0,0.319502,0.257201,0.165498,0.2578,1.62768e-12
0,0,0,0.319502,0.257201,0.165498,0.2578,1.62768e-12
0,0,0,0.319502,0.257201,0.165498,0.2578,1.62768e-12
0,0,0,0.319502,0.257201,0.165498,0.2578,1.62768e-12
